检查项名称,类别,风险等级,检查频率,备注
✅ 产品层面,,,
产品描述清晰、真实不含夸大宣传,产品,高,每周,确保不含"快速致富"等表述
不使用"快速致富""轻松赚钱"等表述,产品,极高,每次更新产品时,Stripe 不公平商业行为高发区
确保所有素材拥有合法版权,产品,高,每月,包括字体、图片、音乐等
不使用品牌词、商标词作为产品名称,产品,高,每次上架新产品时,避免 GBC 律所投诉
AI 生成内容明确标注,产品,中,每次上架新产品时,符合平台政策要求
模板/素材中不包含第三方商标或 Logo,产品,高,每次上架新产品时,包括 Adobe、Canva 等品牌
不销售侵权内容,产品,极高,每周,字体、图片、音乐等
不使用虚假用户评价,产品,高,每月,包括刷单行为
不销售未经授权的软件或内容,产品,极高,每次上架新产品时,包括破解版、盗版等
产品描述与实际相符,产品,高,每周,避免买家争议
🌐 网站层面,,,
退款/退货政策页面已上线,网站,中,每月,明确说明数字商品退款规则
隐私政策页面已上线 (GDPR/CCPA),网站,中,每季度,符合欧美隐私法规
服务条款页面已上线,网站,低,每季度,明确双方权利义务
联系方式页面已上线 (邮箱+地址),网站,中,每月,便于买家联系
关于页面已上线,网站,低,每季度,真实的公司/个人介绍
域名与注册信息一致,网站,中,每月,避免 KYC 失败
网站内容清晰无隐藏费用,网站,中,每月,Stripe 爬虫会检测
💰 运营层面,,,
争议率保持在 0.25% 以下,运营,极高,每周,Stripe 警告阈值
及时回复客户咨询 (24小时内),运营,中,每天,PayPal 风控检测项
保留所有沟通记录,运营,中,每月,包括邮件、聊天记录等
定期备份交易数据,运营,低,每周,至少保留 2 年
监控各平台政策更新,运营,中,每月,Stripe/PayPal/Gumroad 官方博客
收款后不要立即大额提现,运营,高,每次收款,建议先提 30%-50%
预留 20% 资金应对退款/争议,运营,高,每周,资金安全缓冲
建立双通道收款架构,运营,高,每月,降低单点故障风险
